Race,Population,% of Total
Total Population,8791894,100
White,6029248,68.57735091
Hispanic or Latino,1555144,17.68838432
Black or African American,1204826,13.70382764
Asian,725726,8.254489874
More Race,849310,9.660148314
