Race,Population,% of Total
Total Population,12702379,100
White,10406288,81.92392937
Black or African American,1377689,10.84591319
Hispanic or Latino,719660,5.665552886
Asian,349088,2.748209607
More Race,50142,0.394744953
